Toyota,2002,White,17012
Mazda,2008,Purple,13125
Honda,1993,Red,1760
Chrysler,1974,Black,15812
Mazda,1979,Red,17994
Honda,1988,Yellow,14602
Sedan,2003,Red,15311
Sedan,1972,Red,14979
Honda,1992,Red,1663
Sedan,1993,Red,89
Toyota,2010,Red,8647
Sedan,1985,Blue,17140
Sedan,2011,Red,13645
Sedan,1994,Red,19405
Honda,1982,Black,7431
Sedan,1976,Yellow,21448
Toyota,1982,Purple,24929
Sedan,1974,Blue,11844
Sedan,1983,Red,6913
Ford,1997,Red,3001
Sedan,2012,Red,14368
Mazda,1996,White,10060
Mazda,1984,Red,13568
Sedan,2004,Blue,24265
Sedan,1974,Red,17700
Chrysler,1996,Blue,15790
Honda,1986,Red,1993
Honda,2010,Yellow,120
Mazda,2010,Red,20519
Honda,2017,Purple,21389
Sedan,1981,Red,24331
Sedan,2005,Yellow,1069
Ford,1983,Yellow,7325
Ford,2018,White,19373
Honda,1991,White,11368
Toyota,2004,Purple,10449
Honda,2008,Yellow,17011
Chrysler,1980,Red,9726
Sedan,1980,Black,11172
Honda,1984,White,5945
Mazda,1971,Blue,17628
Sedan,2017,White,8511
Sedan,1991,White,21938
Mazda,1996,Blue,16770
Mazda,1975,Purple,824
Chrysler,2009,Red,11421
Ford,1985,White,22972
Mazda,1989,White,18797
Ford,2015,Yellow,16844
Ford,1983,Red,21732
Sedan,1994,Purple,19714
Sedan,2008,Black,24122
Ford,1992,Purple,24823
Sedan,1984,Purple,16346
Sedan,2013,Purple,14246
Toyota,1987,Purple,366
Sedan,1982,Red,18320
Chrysler,1972,Red,17768
Toyota,2009,Blue,21832
Chrysler,1995,Yellow,12527
Sedan,1996,Purple,11283
Sedan,1989,White,24770
Honda,2005,Purple,23062
Sedan,1974,Blue,13388
Sedan,1983,Black,20315
Mazda,2019,Yellow,9964
Mazda,1989,Red,6137
Sedan,1992,Black,13775
Chrysler,2000,Yellow,23702
Honda,1976,Red,12596
Chrysler,1986,Black,15228
Toyota,1993,White,7604
Chrysler,1991,White,9574
Ford,1996,Blue,2581
Ford,1993,Blue,21758
Honda,1993,Purple,2537
Chrysler,2006,Red,19948
Mazda,1977,Blue,6495
Honda,1994,Red,9420
Toyota,1994,White,19846
Chrysler,2010,Red,1013
Sedan,1974,Blue,2041
Sedan,1973,Purple,12898
Mazda,1976,Blue,19900
Chrysler,2019,White,4727
Chrysler,2007,Black,20338
Sedan,2009,White,24457
Toyota,1975,Yellow,15368
Mazda,1995,Black,21353
Ford,1994,Black,10545
Ford,1981,Yellow,1215
Ford,1994,White,5758
Sedan,2004,Red,14480
Toyota,2013,Black,24282
Ford,1973,Black,6956
Ford,1988,Yellow,21167
Chrysler,1974,Blue,18174
Mazda,2016,Black,19089
Mazda,2009,Red,33
Sedan,1984,Yellow,17125
Mazda,1972,Red,8995
Toyota,1994,Red,16470
Toyota,1991,Red,8112
Toyota,2015,Red,7676
Ford,1972,Black,15270
Ford,1994,Red,7672
Sedan,1990,Black,21497
Sedan,2018,White,15089
Ford,1992,Red,5178
Chrysler,1970,Black,7836
Honda,2005,Red,22208
Mazda,2013,Red,15292
Toyota,1984,Black,15427
Sedan,2008,Blue,11526
Toyota,2011,Purple,6201
Sedan,2008,Yellow,16327
Sedan,1975,Blue,3704
Sedan,2015,White,18284
Sedan,2009,Yellow,23223
Sedan,2017,White,5734
Toyota,1993,Red,6585
Sedan,1991,Black,19472
Toyota,1972,Black,398
Chrysler,1976,Black,14406
Toyota,1970,Red,6095
Mazda,1983,Red,2756
Toyota,1977,Purple,17494
Sedan,1981,Yellow,5288
Toyota,2002,Red,17288
Chrysler,1991,Red,8717
Mazda,2011,Red,6840
Sedan,1979,Red,24957
Honda,1992,Red,298
Honda,1985,Blue,24473
Sedan,2000,Red,8072
Sedan,2006,Red,11744
Chrysler,1981,White,16252
Sedan,1989,Purple,5907
Toyota,1994,Blue,13795
Sedan,1973,Blue,15281
Mazda,1998,Black,21434
Sedan,2004,White,22028
Mazda,2015,Red,14040
Sedan,1974,Yellow,1910
Chrysler,2000,Yellow,22688
Honda,1982,Blue,15705
Ford,1970,Purple,13329
Chrysler,2018,Yellow,24858
Sedan,1999,Blue,7619
Ford,2011,Yellow,16985
Honda,2013,Purple,15904
Honda,1999,Red,17624
Toyota,1972,Red,23621
Sedan,1993,Yellow,24486
Toyota,1975,Red,11036
Sedan,1982,Yellow,3174
Sedan,1986,Red,20568
Chrysler,2014,Purple,15929
Ford,1970,Blue,10427
Sedan,2004,White,13860
Mazda,1974,White,16287
Mazda,1972,Red,751
Honda,1994,Blue,19463
Honda,1991,Red,4524
Toyota,2014,Purple,6074
Sedan,2015,Red,5016
Ford,1975,Red,8748
Toyota,1984,White,4081
Ford,1972,Yellow,12696
Toyota,1989,Purple,10876
Toyota,2000,Purple,13013
Ford,1988,Purple,24386
Chrysler,1996,Red,11732
Honda,2007,White,15502
Sedan,1976,Black,1243
Honda,1990,Red,7022
Mazda,1988,Red,22098
Toyota,1999,White,21307
Sedan,2006,Black,7184
Mazda,2008,White,10726
Mazda,1980,Blue,9616
Chrysler,1973,White,17425
Mazda,2013,Purple,2238
Sedan,2009,White,9464
Mazda,2005,Yellow,11343
Toyota,1998,Black,20762
Sedan,2000,Red,24994
Sedan,1978,White,14240
Honda,1974,Red,19594
Sedan,1973,Blue,19432
Chrysler,1982,Blue,24413
Ford,1973,White,3438
Chrysler,1972,Black,20020
Honda,2013,Red,17680
Mazda,1972,Blue,8254
Toyota,1978,Red,5532
Mazda,1990,Purple,14163
Sedan,2000,Blue,5529
Toyota,1988,Purple,17731
Chrysler,1981,Blue,22623
Toyota,1975,White,18257
Ford,1975,Red,16116
Mazda,1990,Blue,375
Chrysler,1982,Red,23731
Sedan,1993,Red,24079
Sedan,1998,White,21795
Sedan,2012,Black,23202
Sedan,2019,Black,1161
Mazda,1996,Yellow,18209
Chrysler,2008,Yellow,10547
Chrysler,1991,White,22367
Chrysler,1978,Purple,23515
Chrysler,2012,Blue,8831
Mazda,1989,Black,20260
Honda,1991,Yellow,12302
Chrysler,1974,Black,4196
Sedan,2006,Yellow,2727
Mazda,2018,Black,2173
Honda,1987,Red,16360
Sedan,2006,Black,4705
Toyota,1970,Red,20358
Sedan,1976,White,9146
Sedan,1989,Red,10961
Sedan,1984,Yellow,20316
Toyota,1982,Yellow,16190
Honda,1977,Red,5616
Sedan,2019,Red,18085
Toyota,1974,Yellow,19877
Ford,2019,Red,24534
Sedan,1980,White,23757
Chrysler,2005,Blue,629
Chrysler,2012,Yellow,8785
Sedan,1988,Red,10415
Chrysler,1976,Purple,3954
Sedan,1990,White,10152
Honda,1973,Purple,9845
Sedan,2013,Purple,16987
Sedan,1991,Blue,20658
Honda,2000,Red,10125
Chrysler,1983,Blue,5722
Honda,1980,Yellow,6502
Sedan,1997,Purple,14562
Ford,2019,White,17101
Chrysler,1980,Black,8240
Sedan,2018,Black,20423
Chrysler,2014,Black,17625
Chrysler,1971,Yellow,18275
Sedan,1984,Blue,28
Chrysler,1981,Red,9229
Sedan,1975,Purple,14711
Honda,1976,Red,10725
Sedan,2014,Blue,10788
Chrysler,2019,Yellow,19675
Mazda,1978,White,20831
Sedan,2004,White,10306
Chrysler,1974,Purple,1807
Sedan,1976,Purple,23854
Ford,2005,Red,23526
Chrysler,2006,Purple,24851
Toyota,1992,Yellow,17175
Sedan,1973,Yellow,22131
Honda,1994,White,21027
Ford,2014,Black,21044
Toyota,1995,White,7912
Ford,1999,Yellow,23900
Honda,1991,White,10807
Ford,2011,Yellow,23393
Toyota,2007,Black,4160
Honda,2012,Black,20489
Ford,2004,Purple,12140
Sedan,2007,Red,17947
Honda,1985,Yellow,2319
Chrysler,1988,Red,1049
Sedan,2005,Blue,8696
Chrysler,1997,Red,19443
Toyota,1973,Yellow,1806
Chrysler,1977,Red,17056
Toyota,1972,Red,40
Mazda,1993,Black,739
Sedan,1979,Red,22217
Sedan,1997,Black,2024
Mazda,2013,White,5823
Sedan,1986,Blue,16730
Honda,1970,Purple,10743
Toyota,1983,Yellow,23642
Sedan,1994,Black,15134
Mazda,2017,Purple,24118
Mazda,2011,Red,7070
Ford,2013,Yellow,12827
Sedan,2013,Blue,1339
Honda,1970,Yellow,14777
Sedan,1972,Red,21329
Chrysler,1996,Yellow,1450
Mazda,1984,Red,12252
Honda,1994,Blue,9157
Mazda,1988,Red,10916
Mazda,2014,Red,1502
Chrysler,2006,Red,19203
Honda,2019,Black,4578
Ford,1992,Blue,6739
Sedan,1982,Purple,769
Chrysler,2018,Red,23057
Sedan,2001,White,12925
Toyota,2005,Purple,10088
Sedan,1977,Blue,12017
Mazda,1991,Red,868
Mazda,1973,White,21440
Sedan,1981,Black,18612
Honda,2014,Yellow,6700
Chrysler,1983,Black,21803
Honda,1994,Black,19559
Ford,1989,Purple,9283
Chrysler,2012,Red,12273
Sedan,1977,White,19662
Honda,2015,Black,13110
Sedan,1983,Yellow,12634
Mazda,1974,Red,14547
Sedan,1972,Red,8512
Honda,2006,Red,15901
Honda,1991,Red,618
Sedan,1991,Red,9415
Toyota,1991,Red,3703
Sedan,1992,Black,38
Toyota,1972,Black,11940
Chrysler,1990,Black,6210
Toyota,1986,White,10488
Chrysler,1995,Blue,1243
Sedan,1992,Yellow,21548
Honda,1990,Red,21621
Honda,1970,Red,22605
Sedan,2008,Yellow,20818
Honda,2007,Blue,22807
Sedan,1989,Black,10171
Ford,1973,Red,21008
Chrysler,2007,Red,5122
Sedan,2009,Red,3231
Chrysler,2013,Red,14215
Sedan,1973,Blue,10983
Mazda,2015,Black,813
Sedan,1982,Purple,14779
Chrysler,2016,Yellow,14985
Mazda,1999,Red,17008
Chrysler,2000,Red,15254
Sedan,1985,Yellow,22969
Toyota,1986,Yellow,13775
Ford,1993,Yellow,21891
Chrysler,2003,Yellow,21122
Chrysler,1981,Black,17735
Ford,1971,Red,20453
Chrysler,1990,Purple,17357
Toyota,1971,Red,24593
Sedan,1998,Yellow,16323
Chrysler,1986,White,24935
Chrysler,1974,Black,12617
Ford,2019,Red,7187
Chrysler,1985,Yellow,9047
Chrysler,1991,White,13052
Chrysler,2007,Black,1054
Sedan,2011,Black,17372
Sedan,2004,Black,6216
Ford,1988,Blue,14962
Sedan,1994,Blue,17910
Mazda,2005,Purple,18450
Mazda,2004,Purple,9244
Sedan,2006,Red,21486
Sedan,2005,Black,3082
Sedan,2000,White,8476
Mazda,2001,Red,3242
Mazda,2018,White,8715
Sedan,1976,Blue,9768
Honda,1995,Red,15586
Sedan,1993,Blue,23283
Ford,1995,Red,20239
Toyota,2010,Blue,15415
Mazda,1987,Red,3457
Honda,2001,Red,9933
Sedan,2011,Red,13171
Chrysler,1979,Red,19464
Chrysler,1995,Red,23822
Mazda,2012,Purple,9707
Mazda,1978,Yellow,23937
Mazda,1998,Black,22092
Ford,2002,Black,16367
Sedan,2016,Red,984
Toyota,1974,White,3278
Mazda,2010,Yellow,1258
Honda,1984,Blue,8655
Ford,2002,Blue,10547
Toyota,1982,Red,11143
Chrysler,2001,White,11567
Chrysler,2017,White,24505
Toyota,2004,Red,2138
Honda,1987,Purple,16605
Chrysler,2002,Yellow,11149
Mazda,1993,White,11889
Sedan,2001,Blue,16993
Toyota,1973,Purple,10195
Ford,2010,Blue,4527
Sedan,1980,Red,17992
Sedan,2011,Purple,6521
Sedan,2003,Black,24572
Chrysler,1985,Red,4472
Toyota,2011,Red,24351
Sedan,1980,Blue,18652
Toyota,2018,Blue,20911
Sedan,1991,Blue,13817
Ford,1996,Red,8520
Chrysler,1973,Red,11228
Ford,2015,Black,8069
Ford,2006,Red,18602
Sedan,1975,Blue,24497
Sedan,1992,White,24297
Toyota,1983,Purple,24439
Sedan,1994,Black,10830
Toyota,1990,White,14122
Sedan,1981,White,20162
Chrysler,1985,White,6658
Toyota,2017,Yellow,4657
Honda,1997,Purple,2060
Honda,2019,Red,15928
Chrysler,1987,Red,3644
Chrysler,2018,Yellow,9643
Chrysler,2017,Red,16561
Honda,1988,Yellow,3160
Mazda,1971,Blue,470
Honda,2011,Red,20051
Honda,2012,White,24217
Mazda,1999,Purple,12087
Chrysler,2006,Black,11393
Mazda,2016,Red,2390
Sedan,1989,White,16513
Mazda,1984,Red,1133
Chrysler,1970,Yellow,4979
Sedan,1977,White,5063
Ford,1992,White,15963
Sedan,2017,White,9332
Mazda,2004,Red,20129
Mazda,1990,Red,21150
Sedan,1973,Blue,1682
Mazda,2013,Red,15824
Mazda,2013,Purple,3660
Mazda,2014,Blue,11404
Sedan,1971,White,13588
Toyota,1989,White,6279
Sedan,1980,Purple,21526
Ford,1987,Black,19882
Mazda,1983,Blue,8400
Mazda,2010,Blue,15736
Honda,2018,Black,5940
Ford,1973,Yellow,14127
Honda,1989,White,18119
Ford,2000,Black,4565
Toyota,1971,Yellow,20491
Mazda,1992,Red,24345
Sedan,2019,White,1093
Chrysler,2010,Red,5962
Mazda,2001,Red,6860
Ford,2004,Yellow,11976
Chrysler,1999,Red,1503
Sedan,2008,White,2173
Toyota,1981,Red,23577
Sedan,2008,Black,6424
Toyota,1973,Red,11973
Sedan,1976,Blue,10294
Toyota,1991,Black,807
Toyota,1993,Yellow,9453
Ford,1981,Black,19742
Ford,1972,Red,20158
Mazda,1975,Yellow,16709
Ford,2005,Red,19798
Sedan,2000,Yellow,1504
Honda,1985,Purple,10969
Toyota,1975,White,9841
Mazda,2009,Red,17940
Mazda,2005,Red,11239
Sedan,1990,Red,20974
Chrysler,1998,Red,1775
Sedan,2001,Red,9649
Mazda,2005,Black,18162
Toyota,2015,Red,13155
Honda,2005,Red,15923
Sedan,1993,Red,21524
Mazda,1979,White,15843
Toyota,1977,White,12763
Ford,1998,Purple,3979
Toyota,1989,Red,10713
Honda,1989,White,2941
Chrysler,2005,Yellow,14594
Toyota,1975,Purple,8216
Mazda,2019,Red,22355
Sedan,2019,Purple,4814
Sedan,1984,Purple,24364
Honda,2019,Blue,11323
Chrysler,1976,Blue,22788
Sedan,2010,Purple,11932
Chrysler,1979,Red,18251
Sedan,1972,Blue,7234
Toyota,2001,Purple,18281
Toyota,1979,White,3882
Chrysler,2003,Black,592
Sedan,1984,Yellow,17074
Sedan,1989,Red,16992
Honda,1970,Blue,18321
Mazda,2014,Yellow,12119
Honda,1975,Blue,2483
Toyota,2011,Red,22386
Mazda,2017,Blue,1985
Sedan,2009,Purple,19373
Sedan,2001,Red,22505
Toyota,2016,Blue,21011
Sedan,1997,Blue,20423
Ford,1984,White,14059
Ford,2007,Blue,2488
Mazda,1991,Blue,19959
Chrysler,1990,Black,7270
Sedan,1989,Yellow,1986
Mazda,2016,White,2837
Mazda,1999,Yellow,11149
Ford,2015,Black,4208
Ford,2004,Red,12141
Mazda,1996,White,13073
Sedan,1974,Yellow,19045
Mazda,1972,White,5820
Sedan,1985,Yellow,12644
Mazda,1996,Blue,1838
Sedan,1986,Red,3131
Toyota,2001,Red,8479
Toyota,1992,Purple,21949
Sedan,2011,White,6809
Chrysler,1994,Red,12907
Sedan,2006,White,580
Sedan,1999,Black,15371
Honda,1990,Black,16200
Chrysler,2004,Red,17124
Sedan,1991,Purple,22446
Mazda,2016,Black,20537
Sedan,2012,Black,18196
Sedan,1970,Black,5064
Honda,1999,Red,8595
Mazda,1984,Black,23237
Sedan,2003,Red,6838
Sedan,1988,Red,11280
Chrysler,2012,Black,2848
Honda,2004,Purple,1167
Mazda,2002,Black,1058
Sedan,1997,Yellow,10017
Toyota,2000,White,3129
Sedan,1997,Black,833
Honda,1979,Blue,576
Toyota,2017,Blue,5003
Mazda,1990,Blue,20559
Sedan,1983,Red,21558
Chrysler,1992,Purple,6344
Toyota,2016,Yellow,19350
Mazda,1999,Red,22513
Ford,1975,Yellow,18892
Sedan,2000,Purple,15003
Toyota,1981,Red,24173
Sedan,1978,White,4174
Mazda,2011,Red,15084
Ford,1991,White,15207
Mazda,2017,Black,3372
Honda,2009,Blue,12631
Mazda,2004,Red,21463
Chrysler,2004,White,10009
Ford,2006,Red,6324
Toyota,1972,White,5447
Toyota,1991,Red,20992
Toyota,1990,Yellow,8361
Chrysler,1985,Red,5924
Sedan,1992,Black,10876
Sedan,2008,Red,17582
Ford,1980,Red,10603
Sedan,1975,White,10119
Toyota,1976,Yellow,7381
Ford,2007,Black,6376
Chrysler,2009,Blue,6922
Toyota,1976,Yellow,14458
Honda,1976,Blue,3459
Honda,2001,Yellow,17929
Sedan,2013,Red,3277
Toyota,2013,Red,10843
Sedan,1980,Black,24370
Ford,2000,Purple,13339
Honda,2007,Blue,12396
Toyota,2019,White,23085
Sedan,1983,Blue,5703
Sedan,2015,Red,6709
Sedan,1970,Blue,22026
Toyota,1977,Purple,20905
Ford,2015,Blue,13777
Chrysler,1990,Black,15239
Ford,2000,Black,5578
Sedan,1998,Purple,15508
Ford,2000,Blue,7265
Honda,2004,Black,6347
Chrysler,1987,Blue,18131
Sedan,2019,White,23350
Honda,1978,Red,15171
Sedan,1988,Red,12939
Sedan,2019,Purple,725
Sedan,1993,Blue,7062
Honda,1991,White,3637
Toyota,1999,Black,1655
Honda,2012,Red,579
Honda,1978,Red,12728
Toyota,2009,Red,11141
Toyota,1989,Yellow,24766
Ford,1999,Black,19168
Chrysler,1985,Yellow,2201
Honda,1997,Black,1445
Mazda,1987,Purple,16129
Toyota,1971,Black,5988
Sedan,1983,Purple,10575
Chrysler,2001,Yellow,22440
Sedan,2016,Red,22637
Sedan,2005,Blue,1215
Chrysler,2013,Black,3187
Mazda,2001,Blue,6955
Toyota,1985,Red,4671
Chrysler,1976,Red,13378
Sedan,2008,Red,7056
Sedan,2014,Purple,22423
Sedan,1993,Blue,22471
Honda,1970,Yellow,15306
Ford,2000,Black,12483
Mazda,1995,White,4027
Honda,2002,Blue,14503
Ford,1987,White,13126
Mazda,1994,Red,2346
Toyota,1972,Yellow,16555
Toyota,2009,Red,8691
Mazda,2018,Purple,19310
Mazda,1977,Purple,9255
Chrysler,1971,Blue,23670
Sedan,2005,Red,21361
Mazda,1976,Yellow,22812
Honda,1988,Red,3532
Chrysler,2011,Yellow,2289
Chrysler,1976,Red,7224
Ford,1991,Red,6476
Sedan,2010,Red,11207
Sedan,2015,Purple,16807
Sedan,2012,White,16290
Chrysler,2003,White,15573
Toyota,1994,White,11765
Toyota,2012,Yellow,11378
Chrysler,2013,Blue,6467
Sedan,1984,Yellow,9654
Honda,2009,Black,12359
Ford,2019,Blue,7864
Sedan,1999,Purple,16977
Chrysler,1978,Blue,5092
Chrysler,1980,Blue,8761
Mazda,1985,Black,13768
Mazda,1986,Purple,4620
Chrysler,2002,Blue,18953
Honda,1982,Blue,15088
Ford,1973,Black,19092
Ford,1988,Black,13997
Ford,2001,Blue,17779
Toyota,2013,Black,21097
Sedan,1992,Purple,9823
Chrysler,2004,Purple,7368
Sedan,1992,Yellow,21476
Chrysler,2019,Red,1423
Sedan,2016,Red,14942
Chrysler,2006,Black,6243
Sedan,2008,Blue,20790
Sedan,2002,Red,16187
Ford,2009,Blue,857
Ford,2001,Purple,24927
Chrysler,1989,Red,7341
Honda,1997,Red,21987
Sedan,2013,Yellow,24160
Toyota,1972,Blue,13300
Mazda,2005,Red,9879
Sedan,2014,Black,11701
Sedan,2003,Blue,23079
Toyota,1989,Red,14126
Ford,1995,Red,23076
Mazda,1995,Purple,10634
Honda,2015,Red,13460
Mazda,2012,Purple,9884
Mazda,1994,White,14871
Ford,1991,Purple,1854
Ford,2013,Black,18102
Honda,2016,Black,6365
Sedan,1984,Black,9532
Sedan,2015,Blue,8348
Sedan,1988,White,12261
Sedan,1998,Blue,3307
Toyota,1980,Yellow,8842
Mazda,2018,Blue,67
Mazda,1984,White,9062
Mazda,2004,Purple,8001
Toyota,2009,Blue,17369
Ford,1984,Black,3045
Sedan,2019,Red,14702
Honda,1989,Purple,16847
Sedan,1972,White,20594
Toyota,2010,Black,14501
Sedan,1972,White,3324
Sedan,2014,Red,10546
Toyota,2005,White,14579
Honda,2014,Blue,5958
Honda,1982,Red,2289
Toyota,1975,Yellow,22614
Sedan,2011,Black,8226
Toyota,1981,Yellow,1544
Mazda,1972,Red,3696
Ford,2001,Red,7446
Mazda,1994,Purple,4775
Mazda,1990,Blue,2364
Toyota,1995,White,13712
Toyota,1996,White,14175
Sedan,2018,Red,11156
Sedan,1971,Blue,12356
Toyota,2018,Red,9199
Sedan,2019,White,17715
Ford,2008,Black,14230
Chrysler,2018,Red,2686
Toyota,2008,White,14454
Sedan,1992,Red,12033
Mazda,1980,Red,8043
Honda,1995,Purple,17480
Toyota,1994,White,9009
Mazda,1982,Black,2199
Sedan,1992,White,683
Sedan,2002,Red,14914
Mazda,1988,Black,18198
Ford,1972,Yellow,23522
Toyota,1997,Purple,9128
Toyota,2017,Black,20209
Toyota,1977,White,11626
Honda,1981,Black,24146
Toyota,1979,Blue,16432
Toyota,2006,Yellow,15776
Mazda,1999,Blue,13921
Toyota,1975,Red,20817
Sedan,2008,Black,15639
Sedan,2004,Purple,6798
Ford,1989,Yellow,18237
Mazda,1977,Yellow,7626
Sedan,1983,Yellow,3088
Mazda,1977,White,6548
Honda,2005,Purple,2411
Toyota,1981,Purple,20715
Honda,1975,White,5115
Sedan,1975,Yellow,18710
Chrysler,1980,Yellow,1019
Mazda,1987,Red,7589
Honda,1990,White,205
Ford,2013,White,15063
Sedan,2002,Blue,23286
Sedan,2006,Red,16849
Mazda,1988,Blue,8469
Sedan,1974,Yellow,183
Mazda,1978,Purple,14096
Chrysler,1970,Red,9890
Sedan,1990,Yellow,14810
Sedan,1971,Blue,22558
Ford,1970,Red,24845
Mazda,2009,Yellow,12911
Toyota,1971,Red,16912
Mazda,2009,White,1127
Sedan,1997,Blue,1317
Toyota,2011,Red,11215
Chrysler,2005,Black,22890
Chrysler,2000,Blue,512
Sedan,1987,Purple,12233
Chrysler,1971,Red,8036
Toyota,2010,Red,1510
Toyota,2009,Red,22750
Mazda,2002,Black,21357
Sedan,2001,Red,15963
Mazda,1976,Red,21702
Chrysler,2011,Red,10651
Chrysler,1997,Blue,14142
Mazda,2005,Blue,6504
Honda,2011,Black,179
Mazda,1984,Yellow,20978
Toyota,1992,Red,2739
Toyota,1989,Red,18724
Sedan,1974,Black,14834
Ford,1977,Red,13319
Ford,1998,Red,6982
Toyota,1993,Blue,24432
Toyota,1997,White,16992
Chrysler,1988,Purple,6497
Toyota,2016,Blue,14354
Chrysler,1989,White,23401
Sedan,1981,Purple,2319
Chrysler,1970,Purple,11928
Sedan,1979,Blue,588
Sedan,1989,White,16276
Mazda,2008,Purple,22729
Chrysler,2010,Yellow,345
Honda,2002,White,18339
Toyota,1983,Yellow,17144
Mazda,1997,Yellow,14977
Mazda,2002,Blue,10927
Ford,1970,Purple,12449
Honda,2013,Red,15329
Mazda,1999,Red,18359
Honda,2017,Red,15009
Ford,2008,White,20137
Toyota,1983,Black,9264
Sedan,1982,Red,2234
Honda,1984,Purple,23161
Mazda,1990,Red,16753
Honda,1980,Purple,22997
Ford,2018,Red,24917
Chrysler,1984,Red,2193
Sedan,2000,Purple,16863
Mazda,2019,Blue,16192
Toyota,1976,White,636
Mazda,2013,White,15077
Toyota,1998,Purple,9070
Mazda,1997,Black,21545
Honda,1998,Blue,5182
Ford,2001,Yellow,24309
Sedan,2003,Red,21695
Sedan,2000,Yellow,2325
Honda,1970,Blue,21570
Honda,1979,Yellow,24241
Mazda,2003,White,8186
Honda,2011,Yellow,6865
Honda,2009,Black,19595
Ford,2019,White,6605
Chrysler,2013,Blue,22660
Toyota,2005,White,21678
Chrysler,1984,Purple,20606
Toyota,1998,Purple,652
Chrysler,1999,Red,15168
Chrysler,1983,Blue,18509
Chrysler,2017,Purple,13673
Honda,2017,Black,4471
Mazda,2005,Blue,3049
Ford,1973,Purple,5234
Ford,1987,Yellow,10420
Chrysler,1970,Red,12469
Chrysler,1996,Purple,24739
Mazda,2012,Blue,20747
Honda,2002,Red,8984
Sedan,1998,Red,1962
Ford,1980,Black,9191
Ford,1995,Yellow,7776
Sedan,2013,Purple,10988
Sedan,1995,White,22970
Ford,2010,Yellow,23989
Sedan,1980,Red,15194
Sedan,1990,Blue,9901
Toyota,1987,White,19804
Ford,1982,Purple,21289
Chrysler,1993,White,22941
Sedan,1978,Red,2482
Sedan,1980,White,2953
Chrysler,1996,Yellow,3696
Toyota,2017,Red,4664
Mazda,1999,Yellow,2584
Chrysler,1980,Yellow,323
Honda,1976,Black,17282
Chrysler,2011,Red,10625
Mazda,1994,Yellow,7569
Toyota,1981,White,12753
Sedan,1993,Yellow,3439
Honda,1978,Red,11419
Honda,1988,White,6845
Chrysler,2012,Black,17383
Mazda,1977,Blue,10908
Chrysler,1970,Red,12289
Chrysler,2007,Red,12403
Honda,2001,Yellow,8016
Ford,2011,Red,24893
Mazda,2000,Red,15082
Mazda,1993,Black,23230
Honda,1982,Purple,6118
Mazda,2014,Yellow,8346
Honda,1971,Yellow,10261
Sedan,2018,Yellow,6338
Ford,2000,Blue,15365
Ford,1996,Yellow,13740
Chrysler,1971,Black,18716
Sedan,2005,Yellow,1045
Chrysler,1989,Red,4269
Sedan,2012,Yellow,8310
Mazda,1971,White,10034
Chrysler,1996,Black,15512
Sedan,1994,Blue,17311
Chrysler,2016,Black,7638
Mazda,1984,Blue,23278
Toyota,1988,White,17966
Sedan,2007,Purple,24445
Sedan,2006,White,8691
Sedan,1983,White,19424
Mazda,1987,White,6090
Sedan,2013,Red,15027
Chrysler,1978,White,6966
Mazda,2002,Blue,9689
Sedan,1991,Red,19722
Toyota,1972,Blue,20786
Chrysler,1971,Blue,24963
Chrysler,1988,Red,5004
Honda,2009,Black,8568
Sedan,1989,Black,6937
Toyota,1974,Red,5566
Honda,1977,Yellow,9329
Sedan,1970,Purple,13820
Sedan,1980,Black,12148
Sedan,1977,Purple,7976
Toyota,1973,Red,2038
Mazda,1997,Red,4981
Mazda,1989,Yellow,6119
Sedan,2018,Red,15722
Sedan,2006,Black,21342
Ford,1972,Black,7615
Mazda,1973,Red,15058
Sedan,1981,White,5198
Ford,1981,Blue,9900
Toyota,2015,Yellow,8708
Sedan,1998,Blue,8860
Honda,2000,White,1947
Sedan,1981,Blue,15574
Honda,2007,Red,17861
Toyota,1981,White,4984
Sedan,1971,Blue,3639
Toyota,1996,Blue,13036
Sedan,1998,Black,21472
Toyota,1982,White,12045
Chrysler,2009,Blue,24652
Chrysler,1985,Purple,10015
Sedan,1990,Yellow,8889
Ford,2003,Yellow,21160
Ford,2013,Purple,11429
Toyota,2005,Red,17644
Mazda,1972,Yellow,10298
Sedan,1991,Red,23794
Sedan,2017,White,16440
Chrysler,1976,Yellow,433
Sedan,2004,Blue,9173
Toyota,1994,White,8781
Ford,1999,Purple,9051
Toyota,1982,Blue,13924
Ford,1973,Red,12454
Sedan,2003,Red,3072
Toyota,2017,Purple,24320
Toyota,2013,Red,18937
Mazda,1982,Red,18627
Honda,2005,Red,15568
Toyota,1990,Yellow,23883
Toyota,1996,Purple,3450
Ford,1999,Black,3101
Ford,2004,Red,21279
Honda,2008,White,8376
Toyota,1990,Yellow,21974
Sedan,1999,Blue,2151
Chrysler,1988,Blue,5063
Sedan,2011,White,9535
Toyota,2005,Red,12684
Mazda,2005,Purple,5235
Chrysler,1990,Red,4029
Toyota,1991,Red,5634
Honda,1999,Purple,17511
Sedan,1994,Black,22634
Honda,1977,Black,3168
Ford,2005,Blue,10995
Ford,2009,Purple,16305
Sedan,1994,Purple,17522
Sedan,1981,White,14984
Honda,2010,White,22312
Toyota,2017,Red,22777
Ford,2017,Blue,5495
Sedan,1977,White,16889
Chrysler,1976,Red,12937
Honda,1992,Purple,16831
Ford,2010,Red,4540
Toyota,2019,Red,8679
Honda,1981,Red,1102
Ford,1972,Red,16741
Mazda,1977,Purple,7769
Sedan,1983,Yellow,9386
Ford,1999,Red,23914
Honda,1974,Black,7525
Mazda,1989,Purple,12940
Honda,1997,Blue,8841
Mazda,1990,Red,4157
Sedan,1992,Red,6031
Sedan,1994,Purple,3465
Mazda,2004,Black,4568
Mazda,2008,Red,15339
Toyota,2006,Blue,17569
Chrysler,2002,Red,941
Ford,1990,Red,308
Toyota,2012,Red,20407
Ford,2002,Purple,21799
Sedan,2011,White,17348
Chrysler,1972,Blue,3
Toyota,2015,Yellow,16533
Mazda,2005,Purple,10210
